﻿<?xml version="1.0" encoding="utf-8" ?>
<ApplicationPackage SchemaVersion="1.0" Version="1.0" ProductCode="{F11EA57A-1E7E-4B6D-8E81-986B071E3E07}" Name="AutoCADDesignAutomation" Description="Sample Plugin for AutoCAD" Author="tutorials.autodesk.io">
	<CompanyDetails Name="Autodesk, Inc" Url="http://tutorials.autodesk.io" Email="aps.help@autodesk.com"/>
	<Components>
		<RuntimeRequirements OS="Win64" Platform="AutoCAD"/>
		<ComponentEntry AppName="UpdateDWGParam" ModuleName="./Contents/UpdateDWGParam.dll" AppDescription="AutoCAD .NET App to update parameters of Dynamic blockreference in AutoCAD Drawing" LoadOnCommandInvocation="True" LoadOnAutoCADStartup="True">
			<Commands GroupName="FPDCommands">
				<Command Global="GetXrefDetailsToFile" Local="GetXrefDetailsToFile"/>
			</Commands>
		</ComponentEntry>
	</Components>
</ApplicationPackage>
